UMEL20242000, Sana Verma, R204000, B.Tech Economics, 2020, 86, 100, 86.0
OXF20242001, Jessica Sharma, R204001, M.Tech Civil Engineering, 2024, 81, 100, 81.0
OXF20242002, Aarav Davis, R204002, M.Sc Economics, 2021, 76, 100, 76.0
UTOR20242003, Jessica Miller, R204003, B.A Mathematics, 2024, 85, 100, 85.0
OXF20242004, Jessica Smith, R204004, M.A Computer Science, 2022, 66, 100, 66.0
MIT20242005, Diya Kumar, R204005, B.Tech Chemistry, 2021, 73, 100, 73.0
TSING20242006, Jennifer Williams, R204006, M.A Economics, 2024, 92, 100, 92.0
UMEL20242007, Mary Brown, R204007, B.A Electrical Engineering, 2022, 91, 100, 91.0
HARV20242008, Ananya Gupta, R204008, B.A Psychology, 2023, 79, 100, 79.0
UTOR20242009, James Verma, R204009, B.Tech Computer Science, 2021, 82, 100, 82.0
MIT20242010, Robert Williams, R204010, M.Tech Psychology, 2022, 82, 100, 82.0
STAN20242011, James Mishra, R204011, M.Tech Chemistry, 2021, 71, 100, 71.0
ETH20242012, Diya Smith, R204012, M.Tech Psychology, 2021, 60, 100, 60.0
UMEL20242013, Joseph Kumar, R204013, M.Tech Physics, 2024, 86, 100, 86.0
HARV20242014, William Kumar, R204014, M.A Data Science, 2021, 72, 100, 72.0
ETH20242015, Jennifer Brown, R204015, B.Sc Psychology, 2021, 74, 100, 74.0
CAM20242016, John Kumar, R204016, M.A Mechanical Engineering, 2020, 97, 100, 97.0
TSING20242017, Susan Reddy, R204017, B.Sc Psychology, 2021, 93, 100, 93.0
OXF20242018, Reyansh Jones, R204018, M.Tech Mechanical Engineering, 2020, 95, 100, 95.0
UMEL20242019, Patricia Miller, R204019, M.Sc Mechanical Engineering, 2024, 78, 100, 78.0
CAM20242020, Aarav Gupta, R204020, B.A Data Science, 2023, 76, 100, 76.0
ETH20242021, Jennifer Brown, R204021, M.Tech Psychology, 2020, 87, 100, 87.0
UMEL20242022, Jennifer Singh, R204022, B.Tech Civil Engineering, 2021, 88, 100, 88.0
TSING20242023, Michael Johnson, R204023, M.A Chemistry, 2023, 71, 100, 71.0
NUS20242024, Sai Verma, R204024, B.Sc Mathematics, 2020, 66, 100, 66.0
UTOR20242025, Jessica Singh, R204025, M.Sc Mechanical Engineering, 2023, 74, 100, 74.0
OXF20242026, Aditya Miller, R204026, B.Sc Chemistry, 2022, 93, 100, 93.0
UTOR20242027, Diya Gupta, R204027, B.Sc Mathematics, 2024, 61, 100, 61.0
TSING20242028, Jennifer Jones, R204028, M.A Economics, 2024, 79, 100, 79.0
TSING20242029, Joseph Garcia, R204029, M.Sc Electrical Engineering, 2023, 93, 100, 93.0
ETH20242030, Mary Kumar, R204030, B.A Mechanical Engineering, 2021, 96, 100, 96.0
CAM20242031, Michael Sharma, R204031, Ph.D Mechanical Engineering, 2024, 92, 100, 92.0
HARV20242032, Jessica Reddy, R204032, M.Sc Electrical Engineering, 2023, 84, 100, 84.0
CAM20242033, Myra Miller, R204033, B.Tech Physics, 2021, 79, 100, 79.0
CAM20242034, Sana Reddy, R204034, M.Tech Mathematics, 2020, 70, 100, 70.0
ETH20242035, Mary Verma, R204035, B.Tech Mathematics, 2021, 75, 100, 75.0
ETH20242036, Vihaan Joshi, R204036, B.A Psychology, 2022, 75, 100, 75.0
OXF20242037, Sarah Garcia, R204037, M.A Civil Engineering, 2022, 94, 100, 94.0
MIT20242038, Michael Garcia, R204038, M.Tech Economics, 2023, 86, 100, 86.0
TSING20242039, Mary Joshi, R204039, M.A Civil Engineering, 2021, 75, 100, 75.0
CAM20242040, David Davis, R204040, Ph.D Mathematics, 2020, 97, 100, 97.0
ETH20242041, Vihaan Rodriguez, R204041, M.A Electrical Engineering, 2021, 65, 100, 65.0
OXF20242042, Ananya Singh, R204042, M.A Mathematics, 2023, 70, 100, 70.0
UTOR20242043, William Gupta, R204043, B.Sc Physics, 2020, 71, 100, 71.0
NUS20242044, Robert Iyer, R204044, M.Sc Mathematics, 2023, 71, 100, 71.0
UTOR20242045, David Jones, R204045, B.A Chemistry, 2022, 92, 100, 92.0
MIT20242046, Charles Kumar, R204046, M.A Mathematics, 2024, 77, 100, 77.0
HARV20242047, Linda Garcia, R204047, M.Tech Civil Engineering, 2020, 85, 100, 85.0
TSING20242048, Sarah Joshi, R204048, M.Tech Data Science, 2024, 75, 100, 75.0
STAN20242049, Zoya Miller, R204049, B.Tech Mechanical Engineering, 2024, 65, 100, 65.0
ETH20242050, John Kumar, R204050, B.A Computer Science, 2024, 96, 100, 96.0
STAN20242051, Linda Sharma, R204051, M.Sc Data Science, 2023, 78, 100, 78.0
ETH20242052, Myra Kumar, R204052, B.A Computer Science, 2022, 63, 100, 63.0
TSING20242053, Mary Gupta, R204053, B.Tech Economics, 2023, 90, 100, 90.0
HARV20242054, Sarah Verma, R204054, Ph.D Data Science, 2024, 81, 100, 81.0
UTOR20242055, Ananya Williams, R204055, M.Sc Mathematics, 2024, 60, 100, 60.0
HARV20242056, Jessica Jones, R204056, M.Tech Electrical Engineering, 2022, 64, 100, 64.0
MIT20242057, Joseph Iyer, R204057, M.A Mechanical Engineering, 2021, 68, 100, 68.0
UTOR20242058, Sai Mishra, R204058, Ph.D Mathematics, 2020, 91, 100, 91.0
CAM20242059, Aditya Smith, R204059, B.A Mathematics, 2024, 71, 100, 71.0
UMEL20242060, Joseph Miller, R204060, M.A Civil Engineering, 2022, 95, 100, 95.0
HARV20242061, John Kumar, R204061, M.A Chemistry, 2020, 97, 100, 97.0
CAM20242062, William Verma, R204062, B.A Psychology, 2022, 76, 100, 76.0
HARV20242063, Joseph Singh, R204063, B.Tech Psychology, 2023, 66, 100, 66.0
UTOR20242064, Mary Patel, R204064, Ph.D Mathematics, 2021, 89, 100, 89.0
NUS20242065, Zoya Brown, R204065, B.A Civil Engineering, 2020, 78, 100, 78.0
OXF20242066, Michael Mishra, R204066, Ph.D Electrical Engineering, 2022, 96, 100, 96.0
UTOR20242067, Zoya Davis, R204067, B.A Chemistry, 2020, 95, 100, 95.0
HARV20242068, James Johnson, R204068, B.Sc Psychology, 2022, 65, 100, 65.0
OXF20242069, William Joshi, R204069, M.Sc Mechanical Engineering, 2023, 76, 100, 76.0
OXF20242070, James Martinez, R204070, M.Tech Physics, 2022, 73, 100, 73.0
CAM20242071, Richard Williams, R204071, Ph.D Civil Engineering, 2021, 89, 100, 89.0
MIT20242072, Richard Joshi, R204072, M.A Mechanical Engineering, 2021, 66, 100, 66.0
NUS20242073, Aditya Miller, R204073, B.A Data Science, 2024, 77, 100, 77.0
TSING20242074, Barbara Iyer, R204074, B.Sc Civil Engineering, 2022, 97, 100, 97.0
STAN20242075, Elizabeth Miller, R204075, M.A Civil Engineering, 2020, 79, 100, 79.0
NUS20242076, Linda Williams, R204076, M.Tech Chemistry, 2024, 97, 100, 97.0
TSING20242077, Patricia Iyer, R204077, B.Sc Economics, 2021, 68, 100, 68.0
NUS20242078, Thomas Brown, R204078, M.A Economics, 2024, 90, 100, 90.0
HARV20242079, Barbara Jones, R204079, B.Sc Mathematics, 2024, 77, 100, 77.0
HARV20242080, Charles Davis, R204080, Ph.D Data Science, 2024, 80, 100, 80.0
HARV20242081, Mary Verma, R204081, M.Tech Data Science, 2020, 61, 100, 61.0
MIT20242082, Susan Verma, R204082, M.Tech Data Science, 2023, 74, 100, 74.0
UTOR20242083, Thomas Jones, R204083, M.Sc Civil Engineering, 2023, 64, 100, 64.0
HARV20242084, Aditya Sharma, R204084, M.A Electrical Engineering, 2020, 85, 100, 85.0
ETH20242085, Charles Iyer, R204085, Ph.D Civil Engineering, 2020, 79, 100, 79.0
UTOR20242086, Reyansh Kumar, R204086, B.Sc Computer Science, 2021, 94, 100, 94.0
UMEL20242087, Thomas Martinez, R204087, M.Tech Psychology, 2020, 60, 100, 60.0
HARV20242088, Joseph Williams, R204088, M.A Mathematics, 2022, 68, 100, 68.0
ETH20242089, Charles Verma, R204089, B.Tech Economics, 2021, 99, 100, 99.0
HARV20242090, Barbara Reddy, R204090, B.Tech Physics, 2021, 66, 100, 66.0
HARV20242091, Reyansh Iyer, R204091, M.Tech Computer Science, 2021, 60, 100, 60.0
MIT20242092, Jennifer Mishra, R204092, Ph.D Economics, 2024, 67, 100, 67.0
UMEL20242093, Richard Verma, R204093, B.Tech Data Science, 2022, 68, 100, 68.0
ETH20242094, Linda Singh, R204094, Ph.D Mathematics, 2022, 75, 100, 75.0
UTOR20242095, Sarah Verma, R204095, B.A Economics, 2023, 82, 100, 82.0
MIT20242096, Sai Garcia, R204096, M.Sc Psychology, 2024, 60, 100, 60.0
NUS20242097, Thomas Mishra, R204097, B.Sc Chemistry, 2020, 88, 100, 88.0
UTOR20242098, Jessica Martinez, R204098, B.Tech Civil Engineering, 2022, 73, 100, 73.0
TSING20242099, John Mishra, R204099, B.Tech Civil Engineering, 2022, 61, 100, 61.0
STAN20242100, John Iyer, R204100, B.Tech Chemistry, 2023, 74, 100, 74.0
CAM20242101, Joseph Miller, R204101, B.A Mathematics, 2023, 78, 100, 78.0
CAM20242102, William Miller, R204102, B.A Mathematics, 2023, 95, 100, 95.0
STAN20242103, Robert Reddy, R204103, M.Sc Mathematics, 2022, 72, 100, 72.0
UTOR20242104, Linda Smith, R204104, B.Sc Mechanical Engineering, 2024, 62, 100, 62.0
OXF20242105, Patricia Williams, R204105, B.A Computer Science, 2023, 71, 100, 71.0
OXF20242106, Sarah Jones, R204106, B.Sc Chemistry, 2020, 69, 100, 69.0
NUS20242107, Aarav Singh, R204107, M.Sc Chemistry, 2024, 77, 100, 77.0
HARV20242108, Sana Sharma, R204108, B.A Economics, 2024, 68, 100, 68.0
HARV20242109, Ananya Mishra, R204109, M.A Economics, 2024, 71, 100, 71.0
MIT20242110, Aarav Brown, R204110, M.A Electrical Engineering, 2020, 82, 100, 82.0
NUS20242111, Karen Williams, R204111, M.A Computer Science, 2021, 74, 100, 74.0
UTOR20242112, Susan Davis, R204112, B.Tech Psychology, 2024, 72, 100, 72.0
NUS20242113, Sai Johnson, R204113, B.Tech Computer Science, 2020, 65, 100, 65.0
NUS20242114, Robert Martinez, R204114, B.Tech Physics, 2022, 69, 100, 69.0
STAN20242115, William Williams, R204115, M.Tech Chemistry, 2020, 67, 100, 67.0
ETH20242116, Patricia Joshi, R204116, B.A Electrical Engineering, 2021, 84, 100, 84.0
STAN20242117, Diya Rodriguez, R204117, M.A Mathematics, 2021, 68, 100, 68.0
ETH20242118, Karen Miller, R204118, M.Sc Mechanical Engineering, 2021, 92, 100, 92.0
NUS20242119, Michael Gupta, R204119, B.A Physics, 2023, 95, 100, 95.0
NUS20242120, Myra Iyer, R204120, B.A Civil Engineering, 2023, 87, 100, 87.0
HARV20242121, Robert Johnson, R204121, M.Sc Computer Science, 2021, 66, 100, 66.0
ETH20242122, Vihaan Iyer, R204122, B.Tech Chemistry, 2024, 69, 100, 69.0
TSING20242123, James Reddy, R204123, B.Tech Electrical Engineering, 2024, 99, 100, 99.0
STAN20242124, Robert Rodriguez, R204124, B.A Mathematics, 2021, 62, 100, 62.0
NUS20242125, Richard Martinez, R204125, B.Sc Civil Engineering, 2022, 83, 100, 83.0
NUS20242126, Joseph Martinez, R204126, B.Tech Mathematics, 2021, 82, 100, 82.0
OXF20242127, Vihaan Jones, R204127, B.Tech Chemistry, 2024, 90, 100, 90.0
UMEL20242128, Jessica Garcia, R204128, B.Tech Electrical Engineering, 2022, 73, 100, 73.0
MIT20242129, Vihaan Sharma, R204129, M.Tech Mechanical Engineering, 2023, 77, 100, 77.0
CAM20242130, Ananya Rodriguez, R204130, Ph.D Electrical Engineering, 2023, 67, 100, 67.0
MIT20242131, Reyansh Martinez, R204131, M.A Psychology, 2020, 72, 100, 72.0
TSING20242132, Michael Iyer, R204132, Ph.D Civil Engineering, 2021, 73, 100, 73.0
OXF20242133, Patricia Martinez, R204133, B.Tech Chemistry, 2024, 75, 100, 75.0
CAM20242134, Diya Smith, R204134, M.Sc Physics, 2021, 98, 100, 98.0
UMEL20242135, Thomas Davis, R204135, Ph.D Computer Science, 2023, 73, 100, 73.0
UMEL20242136, William Rodriguez, R204136, M.Sc Physics, 2020, 64, 100, 64.0
OXF20242137, Zoya Martinez, R204137, B.Tech Mechanical Engineering, 2021, 64, 100, 64.0
MIT20242138, Richard Johnson, R204138, M.Sc Civil Engineering, 2020, 78, 100, 78.0
NUS20242139, Michael Williams, R204139, M.Sc Chemistry, 2021, 76, 100, 76.0
NUS20242140, David Johnson, R204140, B.Tech Mathematics, 2024, 94, 100, 94.0
STAN20242141, James Patel, R204141, Ph.D Civil Engineering, 2022, 80, 100, 80.0
MIT20242142, Jennifer Reddy, R204142, M.Tech Computer Science, 2024, 69, 100, 69.0
UTOR20242143, Thomas Brown, R204143, B.Tech Civil Engineering, 2020, 83, 100, 83.0
CAM20242144, Barbara Johnson, R204144, B.Tech Chemistry, 2023, 88, 100, 88.0
MIT20242145, John Kumar, R204145, M.Tech Chemistry, 2021, 73, 100, 73.0
NUS20242146, Sarah Williams, R204146, M.A Psychology, 2020, 84, 100, 84.0
CAM20242147, Patricia Williams, R204147, B.A Economics, 2024, 84, 100, 84.0
HARV20242148, Reyansh Brown, R204148, M.Tech Data Science, 2024, 60, 100, 60.0
NUS20242149, Reyansh Iyer, R204149, M.Tech Mathematics, 2021, 86, 100, 86.0
UMEL20242150, Myra Martinez, R204150, M.Tech Computer Science, 2023, 66, 100, 66.0
NUS20242151, Zoya Rodriguez, R204151, Ph.D Electrical Engineering, 2020, 87, 100, 87.0
HARV20242152, Joseph Gupta, R204152, M.A Data Science, 2021, 71, 100, 71.0
HARV20242153, Karen Iyer, R204153, M.Sc Mechanical Engineering, 2022, 68, 100, 68.0
CAM20242154, Reyansh Davis, R204154, B.Tech Economics, 2024, 81, 100, 81.0
HARV20242155, John Singh, R204155, M.Tech Mechanical Engineering, 2020, 67, 100, 67.0
TSING20242156, Ananya Johnson, R204156, M.Sc Chemistry, 2023, 65, 100, 65.0
ETH20242157, Barbara Iyer, R204157, M.Sc Physics, 2022, 80, 100, 80.0
MIT20242158, Robert Davis, R204158, Ph.D Physics, 2023, 84, 100, 84.0
UMEL20242159, Karen Verma, R204159, B.Tech Economics, 2022, 76, 100, 76.0
NUS20242160, Thomas Mishra, R204160, B.Tech Physics, 2022, 80, 100, 80.0
NUS20242161, Mary Iyer, R204161, Ph.D Psychology, 2024, 86, 100, 86.0
MIT20242162, Diya Kumar, R204162, M.A Economics, 2024, 63, 100, 63.0
UTOR20242163, James Gupta, R204163, M.A Physics, 2023, 71, 100, 71.0
UTOR20242164, Thomas Mishra, R204164, Ph.D Civil Engineering, 2024, 83, 100, 83.0
UTOR20242165, Aditya Kumar, R204165, Ph.D Economics, 2022, 71, 100, 71.0
OXF20242166, Ananya Rodriguez, R204166, Ph.D Physics, 2020, 81, 100, 81.0
STAN20242167, Linda Johnson, R204167, M.Tech Data Science, 2023, 85, 100, 85.0
UMEL20242168, James Williams, R204168, B.A Data Science, 2020, 96, 100, 96.0
UTOR20242169, Charles Davis, R204169, M.Tech Physics, 2020, 60, 100, 60.0
CAM20242170, Karen Williams, R204170, B.A Physics, 2022, 65, 100, 65.0
STAN20242171, Sarah Reddy, R204171, B.A Mechanical Engineering, 2024, 74, 100, 74.0
HARV20242172, Aditya Martinez, R204172, B.Sc Mechanical Engineering, 2022, 89, 100, 89.0
MIT20242173, Michael Brown, R204173, B.Tech Computer Science, 2023, 71, 100, 71.0
MIT20242174, John Rodriguez, R204174, B.Tech Computer Science, 2020, 77, 100, 77.0
CAM20242175, Sarah Smith, R204175, M.Sc Mechanical Engineering, 2024, 68, 100, 68.0
UMEL20242176, Aarav Sharma, R204176, B.Sc Electrical Engineering, 2024, 91, 100, 91.0
UTOR20242177, Michael Johnson, R204177, B.A Electrical Engineering, 2024, 95, 100, 95.0
TSING20242178, Michael Jones, R204178, B.A Physics, 2023, 92, 100, 92.0
HARV20242179, Sarah Miller, R204179, B.Sc Physics, 2022, 94, 100, 94.0
STAN20242180, John Sharma, R204180, B.Sc Mathematics, 2024, 64, 100, 64.0
TSING20242181, Elizabeth Miller, R204181, B.Tech Economics, 2023, 97, 100, 97.0
NUS20242182, Jennifer Singh, R204182, M.Tech Mathematics, 2023, 92, 100, 92.0
ETH20242183, Aarav Martinez, R204183, B.Tech Mechanical Engineering, 2020, 80, 100, 80.0
UTOR20242184, Aditya Williams, R204184, M.Sc Computer Science, 2022, 85, 100, 85.0
HARV20242185, Myra Martinez, R204185, M.Tech Mechanical Engineering, 2024, 61, 100, 61.0
TSING20242186, Susan Joshi, R204186, B.Tech Chemistry, 2022, 94, 100, 94.0
CAM20242187, Sai Williams, R204187, B.Sc Economics, 2023, 94, 100, 94.0
OXF20242188, Vihaan Johnson, R204188, B.A Economics, 2023, 67, 100, 67.0
HARV20242189, Barbara Johnson, R204189, Ph.D Mathematics, 2022, 64, 100, 64.0
TSING20242190, Jessica Brown, R204190, M.Tech Economics, 2020, 75, 100, 75.0
UMEL20242191, Elizabeth Mishra, R204191, Ph.D Civil Engineering, 2022, 87, 100, 87.0
OXF20242192, Sarah Rodriguez, R204192, M.Tech Mechanical Engineering, 2023, 97, 100, 97.0
UMEL20242193, Patricia Gupta, R204193, B.Tech Data Science, 2024, 94, 100, 94.0
STAN20242194, Myra Patel, R204194, B.Sc Mathematics, 2020, 85, 100, 85.0
TSING20242195, Sarah Verma, R204195, M.Sc Psychology, 2024, 92, 100, 92.0
TSING20242196, Jennifer Joshi, R204196, B.Tech Mechanical Engineering, 2023, 89, 100, 89.0
NUS20242197, Joseph Johnson, R204197, M.Tech Economics, 2024, 81, 100, 81.0
UTOR20242198, Aditya Kumar, R204198, B.Sc Electrical Engineering, 2022, 64, 100, 64.0
TSING20242199, Richard Johnson, R204199, M.A Mathematics, 2022, 76, 100, 76.0
MIT20242200, David Kumar, R204200, B.A Mechanical Engineering, 2023, 89, 100, 89.0
MIT20242201, Joseph Rodriguez, R204201, B.Tech Mathematics, 2022, 82, 100, 82.0
CAM20242202, John Martinez, R204202, Ph.D Electrical Engineering, 2021, 64, 100, 64.0
CAM20242203, Aarav Rodriguez, R204203, Ph.D Mechanical Engineering, 2020, 69, 100, 69.0
UTOR20242204, Susan Joshi, R204204, Ph.D Psychology, 2020, 82, 100, 82.0
MIT20242205, Joseph Garcia, R204205, B.Sc Mathematics, 2023, 67, 100, 67.0
UMEL20242206, Diya Reddy, R204206, M.Tech Economics, 2020, 78, 100, 78.0
CAM20242207, Elizabeth Jones, R204207, M.Tech Psychology, 2020, 89, 100, 89.0
HARV20242208, Jessica Mishra, R204208, M.A Physics, 2021, 92, 100, 92.0
OXF20242209, Sana Brown, R204209, Ph.D Mathematics, 2021, 90, 100, 90.0
UTOR20242210, Ananya Gupta, R204210, M.A Electrical Engineering, 2022, 71, 100, 71.0
STAN20242211, Jennifer Mishra, R204211, M.A Data Science, 2024, 85, 100, 85.0
TSING20242212, Sai Joshi, R204212, M.Tech Psychology, 2022, 97, 100, 97.0
UMEL20242213, Jessica Sharma, R204213, Ph.D Mathematics, 2023, 82, 100, 82.0
MIT20242214, John Gupta, R204214, B.Tech Computer Science, 2024, 80, 100, 80.0
UMEL20242215, James Patel, R204215, B.A Mathematics, 2020, 95, 100, 95.0
UTOR20242216, Patricia Williams, R204216, B.A Chemistry, 2021, 93, 100, 93.0
ETH20242217, Joseph Iyer, R204217, M.Tech Psychology, 2023, 83, 100, 83.0
HARV20242218, William Martinez, R204218, B.Sc Civil Engineering, 2021, 86, 100, 86.0
NUS20242219, Diya Rodriguez, R204219, Ph.D Mathematics, 2021, 68, 100, 68.0
TSING20242220, Elizabeth Miller, R204220, B.A Physics, 2023, 65, 100, 65.0
OXF20242221, Barbara Gupta, R204221, M.A Civil Engineering, 2022, 84, 100, 84.0
HARV20242222, David Jones, R204222, M.Sc Electrical Engineering, 2020, 90, 100, 90.0
HARV20242223, Charles Smith, R204223, M.Tech Psychology, 2023, 75, 100, 75.0
TSING20242224, Myra Gupta, R204224, B.Tech Computer Science, 2022, 91, 100, 91.0
STAN20242225, Joseph Jones, R204225, M.Tech Civil Engineering, 2024, 89, 100, 89.0
ETH20242226, Reyansh Brown, R204226, M.A Chemistry, 2024, 71, 100, 71.0
ETH20242227, William Gupta, R204227, B.Tech Mathematics, 2021, 74, 100, 74.0
STAN20242228, Ananya Singh, R204228, B.A Mathematics, 2022, 77, 100, 77.0
ETH20242229, Aarav Jones, R204229, B.Tech Chemistry, 2023, 94, 100, 94.0
HARV20242230, Myra Brown, R204230, Ph.D Physics, 2022, 72, 100, 72.0
CAM20242231, James Rodriguez, R204231, Ph.D Psychology, 2024, 91, 100, 91.0
UTOR20242232, Mary Garcia, R204232, B.A Mathematics, 2024, 73, 100, 73.0
NUS20242233, Jennifer Brown, R204233, M.Sc Data Science, 2022, 98, 100, 98.0
UMEL20242234, Elizabeth Sharma, R204234, M.A Data Science, 2024, 64, 100, 64.0
ETH20242235, Susan Davis, R204235, M.Tech Computer Science, 2020, 69, 100, 69.0
STAN20242236, Vihaan Gupta, R204236, B.Sc Electrical Engineering, 2020, 93, 100, 93.0
MIT20242237, Elizabeth Singh, R204237, Ph.D Chemistry, 2020, 62, 100, 62.0
UMEL20242238, Susan Johnson, R204238, B.Tech Computer Science, 2021, 82, 100, 82.0
UTOR20242239, William Kumar, R204239, M.Tech Mathematics, 2022, 63, 100, 63.0
OXF20242240, Robert Williams, R204240, M.Tech Psychology, 2021, 96, 100, 96.0
TSING20242241, Joseph Patel, R204241, B.Sc Mathematics, 2024, 72, 100, 72.0
ETH20242242, Michael Martinez, R204242, Ph.D Computer Science, 2020, 68, 100, 68.0
NUS20242243, Zoya Sharma, R204243, M.Tech Electrical Engineering, 2022, 82, 100, 82.0
ETH20242244, Thomas Rodriguez, R204244, M.Tech Economics, 2023, 62, 100, 62.0
UMEL20242245, Sana Sharma, R204245, M.Sc Psychology, 2024, 74, 100, 74.0
MIT20242246, Aarav Sharma, R204246, M.Tech Physics, 2024, 66, 100, 66.0
UMEL20242247, Barbara Sharma, R204247, M.A Civil Engineering, 2023, 95, 100, 95.0
TSING20242248, Jessica Davis, R204248, B.A Physics, 2024, 61, 100, 61.0
ETH20242249, William Verma, R204249, M.A Mathematics, 2023, 96, 100, 96.0
CAM20242250, Robert Mishra, R204250, M.Sc Psychology, 2022, 96, 100, 96.0
ETH20242251, Joseph Williams, R204251, M.Tech Electrical Engineering, 2021, 71, 100, 71.0
HARV20242252, Mary Garcia, R204252, B.A Civil Engineering, 2021, 97, 100, 97.0
OXF20242253, Linda Miller, R204253, Ph.D Data Science, 2020, 89, 100, 89.0
NUS20242254, Sarah Verma, R204254, B.A Mechanical Engineering, 2020, 78, 100, 78.0
ETH20242255, Aarav Davis, R204255, B.A Civil Engineering, 2023, 60, 100, 60.0
TSING20242256, Susan Sharma, R204256, M.A Physics, 2023, 85, 100, 85.0
NUS20242257, Sana Iyer, R204257, M.Sc Psychology, 2022, 96, 100, 96.0
HARV20242258, Jennifer Verma, R204258, B.Sc Chemistry, 2021, 61, 100, 61.0
OXF20242259, Richard Iyer, R204259, M.A Mechanical Engineering, 2024, 66, 100, 66.0
MIT20242260, Diya Garcia, R204260, B.Sc Psychology, 2024, 69, 100, 69.0
MIT20242261, Reyansh Reddy, R204261, Ph.D Chemistry, 2023, 84, 100, 84.0
NUS20242262, Susan Sharma, R204262, B.Sc Chemistry, 2024, 96, 100, 96.0
UMEL20242263, Ananya Gupta, R204263, M.Tech Civil Engineering, 2024, 60, 100, 60.0
UMEL20242264, David Reddy, R204264, B.Sc Civil Engineering, 2021, 87, 100, 87.0
ETH20242265, Elizabeth Jones, R204265, B.A Electrical Engineering, 2024, 99, 100, 99.0
NUS20242266, James Miller, R204266, M.Sc Mechanical Engineering, 2023, 75, 100, 75.0
TSING20242267, John Davis, R204267, Ph.D Economics, 2024, 62, 100, 62.0
TSING20242268, Zoya Jones, R204268, B.Sc Electrical Engineering, 2024, 94, 100, 94.0
ETH20242269, Sana Garcia, R204269, B.Sc Physics, 2020, 90, 100, 90.0
MIT20242270, William Iyer, R204270, B.A Psychology, 2020, 61, 100, 61.0
HARV20242271, Thomas Joshi, R204271, M.A Mechanical Engineering, 2022, 89, 100, 89.0
TSING20242272, Richard Rodriguez, R204272, M.Tech Computer Science, 2020, 83, 100, 83.0
OXF20242273, Thomas Garcia, R204273, B.Sc Chemistry, 2024, 71, 100, 71.0
MIT20242274, Myra Smith, R204274, B.Tech Electrical Engineering, 2023, 66, 100, 66.0
TSING20242275, Robert Patel, R204275, B.A Psychology, 2022, 73, 100, 73.0
TSING20242276, Sana Williams, R204276, M.A Chemistry, 2020, 93, 100, 93.0
STAN20242277, David Miller, R204277, B.A Psychology, 2021, 61, 100, 61.0
TSING20242278, Vihaan Brown, R204278, M.A Civil Engineering, 2021, 91, 100, 91.0
ETH20242279, Joseph Verma, R204279, B.Sc Civil Engineering, 2022, 76, 100, 76.0
CAM20242280, Ananya Kumar, R204280, Ph.D Chemistry, 2023, 94, 100, 94.0
ETH20242281, Sana Davis, R204281, Ph.D Psychology, 2022, 84, 100, 84.0
TSING20242282, Barbara Mishra, R204282, M.Sc Chemistry, 2024, 88, 100, 88.0
STAN20242283, Susan Martinez, R204283, M.Tech Data Science, 2020, 84, 100, 84.0
CAM20242284, Patricia Williams, R204284, B.A Data Science, 2024, 60, 100, 60.0
TSING20242285, Charles Smith, R204285, M.A Mathematics, 2023, 70, 100, 70.0
OXF20242286, Sarah Jones, R204286, M.A Psychology, 2023, 61, 100, 61.0
STAN20242287, Karen Reddy, R204287, B.Sc Mathematics, 2024, 74, 100, 74.0
HARV20242288, Jessica Rodriguez, R204288, Ph.D Civil Engineering, 2024, 64, 100, 64.0
NUS20242289, Aarav Verma, R204289, M.A Civil Engineering, 2020, 92, 100, 92.0
STAN20242290, Patricia Gupta, R204290, B.Sc Psychology, 2023, 89, 100, 89.0
HARV20242291, William Brown, R204291, Ph.D Psychology, 2024, 75, 100, 75.0
TSING20242292, David Singh, R204292, M.Sc Mechanical Engineering, 2024, 97, 100, 97.0
UMEL20242293, Thomas Brown, R204293, M.Sc Data Science, 2022, 73, 100, 73.0
HARV20242294, Karen Iyer, R204294, M.Tech Psychology, 2023, 79, 100, 79.0
TSING20242295, William Sharma, R204295, M.Tech Chemistry, 2021, 67, 100, 67.0
STAN20242296, Robert Rodriguez, R204296, Ph.D Data Science, 2020, 92, 100, 92.0
ETH20242297, Patricia Patel, R204297, Ph.D Economics, 2021, 75, 100, 75.0
ETH20242298, Aarav Brown, R204298, B.A Electrical Engineering, 2022, 63, 100, 63.0
MIT20242299, John Martinez, R204299, B.Sc Economics, 2024, 71, 100, 71.0
STAN20242300, Jennifer Jones, R204300, M.Tech Chemistry, 2022, 87, 100, 87.0
STAN20242301, Sarah Brown, R204301, B.Tech Psychology, 2021, 99, 100, 99.0
TSING20242302, Mary Martinez, R204302, B.A Computer Science, 2020, 91, 100, 91.0
STAN20242303, Zoya Miller, R204303, M.A Mathematics, 2024, 63, 100, 63.0
HARV20242304, Mary Miller, R204304, Ph.D Psychology, 2021, 95, 100, 95.0
ETH20242305, Reyansh Singh, R204305, B.Sc Mechanical Engineering, 2024, 90, 100, 90.0
TSING20242306, Jessica Mishra, R204306, M.A Chemistry, 2024, 83, 100, 83.0
CAM20242307, Reyansh Smith, R204307, B.Tech Physics, 2023, 72, 100, 72.0
UTOR20242308, Jessica Jones, R204308, M.Tech Psychology, 2024, 78, 100, 78.0
MIT20242309, Elizabeth Sharma, R204309, B.A Electrical Engineering, 2023, 81, 100, 81.0
UMEL20242310, Myra Iyer, R204310, B.Tech Mechanical Engineering, 2020, 93, 100, 93.0
UTOR20242311, Richard Reddy, R204311, M.Sc Electrical Engineering, 2021, 93, 100, 93.0
CAM20242312, Vihaan Mishra, R204312, B.A Mechanical Engineering, 2021, 89, 100, 89.0
NUS20242313, Aditya Iyer, R204313, Ph.D Psychology, 2020, 80, 100, 80.0
STAN20242314, John Jones, R204314, M.A Mechanical Engineering, 2021, 76, 100, 76.0
ETH20242315, Thomas Mishra, R204315, Ph.D Economics, 2021, 60, 100, 60.0
HARV20242316, Susan Davis, R204316, M.A Physics, 2023, 98, 100, 98.0
MIT20242317, Diya Mishra, R204317, B.Tech Economics, 2024, 99, 100, 99.0
STAN20242318, Sai Singh, R204318, M.Sc Chemistry, 2022, 82, 100, 82.0
CAM20242319, James Brown, R204319, B.A Mathematics, 2021, 67, 100, 67.0
STAN20242320, Vihaan Sharma, R204320, B.Tech Civil Engineering, 2020, 96, 100, 96.0
MIT20242321, Thomas Miller, R204321, Ph.D Mathematics, 2024, 75, 100, 75.0
ETH20242322, Jennifer Patel, R204322, B.Tech Mechanical Engineering, 2022, 69, 100, 69.0
HARV20242323, Thomas Rodriguez, R204323, B.Tech Physics, 2021, 99, 100, 99.0
STAN20242324, Karen Martinez, R204324, M.A Physics, 2021, 77, 100, 77.0
UTOR20242325, Elizabeth Brown, R204325, B.Tech Mathematics, 2022, 89, 100, 89.0
HARV20242326, Susan Patel, R204326, B.Sc Data Science, 2021, 98, 100, 98.0
OXF20242327, Charles Smith, R204327, B.Tech Mechanical Engineering, 2024, 68, 100, 68.0
OXF20242328, Mary Gupta, R204328, Ph.D Mechanical Engineering, 2023, 70, 100, 70.0
HARV20242329, Joseph Joshi, R204329, M.A Computer Science, 2023, 88, 100, 88.0
HARV20242330, Reyansh Brown, R204330, B.Tech Civil Engineering, 2022, 90, 100, 90.0
ETH20242331, Ananya Martinez, R204331, M.Tech Economics, 2024, 89, 100, 89.0
MIT20242332, Jessica Kumar, R204332, M.Tech Physics, 2023, 84, 100, 84.0
HARV20242333, Mary Williams, R204333, B.Tech Data Science, 2022, 97, 100, 97.0
UMEL20242334, Diya Williams, R204334, Ph.D Mathematics, 2022, 85, 100, 85.0
UMEL20242335, Aarav Reddy, R204335, B.Tech Psychology, 2024, 74, 100, 74.0
CAM20242336, Elizabeth Davis, R204336, Ph.D Mechanical Engineering, 2023, 95, 100, 95.0
MIT20242337, Vihaan Verma, R204337, M.Tech Data Science, 2022, 75, 100, 75.0
NUS20242338, Joseph Garcia, R204338, M.A Computer Science, 2020, 89, 100, 89.0
HARV20242339, Richard Joshi, R204339, M.Tech Mechanical Engineering, 2020, 88, 100, 88.0
ETH20242340, Barbara Patel, R204340, Ph.D Physics, 2023, 93, 100, 93.0
ETH20242341, Susan Sharma, R204341, M.Sc Civil Engineering, 2024, 99, 100, 99.0
CAM20242342, Sarah Jones, R204342, M.Sc Data Science, 2023, 84, 100, 84.0
STAN20242343, Susan Jones, R204343, M.Tech Computer Science, 2020, 71, 100, 71.0
TSING20242344, Thomas Gupta, R204344, M.Tech Mechanical Engineering, 2022, 62, 100, 62.0
UTOR20242345, Aarav Patel, R204345, Ph.D Chemistry, 2021, 91, 100, 91.0
STAN20242346, Myra Rodriguez, R204346, M.Sc Physics, 2023, 81, 100, 81.0
OXF20242347, Mary Joshi, R204347, M.Tech Psychology, 2021, 99, 100, 99.0
TSING20242348, Reyansh Verma, R204348, M.Tech Electrical Engineering, 2022, 96, 100, 96.0
HARV20242349, Joseph Iyer, R204349, M.Sc Mathematics, 2021, 61, 100, 61.0
TSING20242350, Elizabeth Gupta, R204350, Ph.D Electrical Engineering, 2024, 82, 100, 82.0
NUS20242351, John Smith, R204351, B.A Data Science, 2024, 99, 100, 99.0
TSING20242352, Barbara Reddy, R204352, M.Sc Data Science, 2022, 92, 100, 92.0
MIT20242353, Vihaan Verma, R204353, M.A Mechanical Engineering, 2022, 76, 100, 76.0
CAM20242354, Charles Mishra, R204354, Ph.D Chemistry, 2022, 63, 100, 63.0
MIT20242355, John Martinez, R204355, B.Sc Chemistry, 2021, 74, 100, 74.0
HARV20242356, Susan Garcia, R204356, B.Tech Computer Science, 2024, 80, 100, 80.0
CAM20242357, David Singh, R204357, B.A Data Science, 2023, 61, 100, 61.0
STAN20242358, Patricia Miller, R204358, B.Sc Mathematics, 2024, 94, 100, 94.0
UTOR20242359, Thomas Gupta, R204359, Ph.D Psychology, 2021, 76, 100, 76.0
NUS20242360, Sana Kumar, R204360, Ph.D Civil Engineering, 2020, 96, 100, 96.0
STAN20242361, Susan Davis, R204361, M.Tech Data Science, 2020, 61, 100, 61.0
OXF20242362, Michael Sharma, R204362, M.Tech Computer Science, 2022, 94, 100, 94.0
MIT20242363, Sarah Martinez, R204363, Ph.D Mathematics, 2023, 63, 100, 63.0
ETH20242364, Joseph Johnson, R204364, M.Sc Mechanical Engineering, 2022, 83, 100, 83.0
TSING20242365, Mary Smith, R204365, M.Sc Mathematics, 2021, 67, 100, 67.0
UTOR20242366, Richard Garcia, R204366, Ph.D Psychology, 2022, 65, 100, 65.0
UTOR20242367, Robert Davis, R204367, B.Tech Economics, 2021, 66, 100, 66.0
ETH20242368, Vihaan Johnson, R204368, B.Sc Economics, 2020, 94, 100, 94.0
STAN20242369, Ananya Reddy, R204369, Ph.D Physics, 2024, 82, 100, 82.0
UTOR20242370, Richard Iyer, R204370, Ph.D Civil Engineering, 2024, 64, 100, 64.0
OXF20242371, Karen Davis, R204371, M.Sc Economics, 2021, 66, 100, 66.0
UMEL20242372, Aditya Davis, R204372, B.A Physics, 2020, 80, 100, 80.0
UMEL20242373, Michael Brown, R204373, M.Tech Chemistry, 2021, 83, 100, 83.0
NUS20242374, Myra Joshi, R204374, B.Sc Civil Engineering, 2022, 85, 100, 85.0
CAM20242375, James Rodriguez, R204375, B.Tech Economics, 2021, 96, 100, 96.0
NUS20242376, Aarav Garcia, R204376, B.A Physics, 2021, 94, 100, 94.0
NUS20242377, Jennifer Garcia, R204377, B.Sc Civil Engineering, 2022, 85, 100, 85.0
NUS20242378, Barbara Joshi, R204378, B.Tech Data Science, 2024, 91, 100, 91.0
TSING20242379, David Sharma, R204379, B.Sc Electrical Engineering, 2021, 92, 100, 92.0
NUS20242380, Richard Gupta, R204380, M.Tech Civil Engineering, 2022, 94, 100, 94.0
ETH20242381, Joseph Rodriguez, R204381, M.A Computer Science, 2024, 95, 100, 95.0
CAM20242382, John Iyer, R204382, B.A Physics, 2023, 95, 100, 95.0
STAN20242383, Sana Reddy, R204383, B.Tech Psychology, 2024, 69, 100, 69.0
MIT20242384, Mary Iyer, R204384, Ph.D Mathematics, 2021, 65, 100, 65.0
TSING20242385, Jessica Brown, R204385, M.Sc Physics, 2022, 64, 100, 64.0
UMEL20242386, Charles Garcia, R204386, M.Tech Chemistry, 2021, 86, 100, 86.0
MIT20242387, Sana Singh, R204387, M.Sc Chemistry, 2022, 82, 100, 82.0
MIT20242388, Mary Iyer, R204388, B.Sc Economics, 2021, 96, 100, 96.0
HARV20242389, Michael Sharma, R204389, M.A Electrical Engineering, 2020, 78, 100, 78.0
OXF20242390, Sarah Verma, R204390, B.Sc Electrical Engineering, 2021, 83, 100, 83.0
UMEL20242391, Diya Johnson, R204391, M.A Mechanical Engineering, 2023, 71, 100, 71.0
UTOR20242392, Richard Williams, R204392, B.Tech Physics, 2021, 66, 100, 66.0
CAM20242393, Susan Verma, R204393, Ph.D Psychology, 2022, 60, 100, 60.0
OXF20242394, Myra Joshi, R204394, B.A Economics, 2021, 76, 100, 76.0
STAN20242395, Sana Davis, R204395, M.Sc Economics, 2020, 68, 100, 68.0
TSING20242396, Myra Patel, R204396, B.A Physics, 2021, 64, 100, 64.0
NUS20242397, Sana Rodriguez, R204397, B.Sc Civil Engineering, 2020, 69, 100, 69.0
NUS20242398, John Iyer, R204398, M.Sc Mathematics, 2024, 87, 100, 87.0
OXF20242399, Aarav Singh, R204399, M.Sc Mechanical Engineering, 2024, 63, 100, 63.0
OXF20242400, Jessica Patel, R204400, Ph.D Computer Science, 2023, 78, 100, 78.0
STAN20242401, James Verma, R204401, M.Tech Mathematics, 2022, 61, 100, 61.0
HARV20242402, Karen Reddy, R204402, B.Tech Mathematics, 2023, 91, 100, 91.0
UMEL20242403, Myra Martinez, R204403, M.Sc Electrical Engineering, 2021, 69, 100, 69.0
HARV20242404, William Sharma, R204404, B.Tech Mathematics, 2023, 68, 100, 68.0
TSING20242405, Aditya Johnson, R204405, M.A Mathematics, 2023, 68, 100, 68.0
HARV20242406, Diya Gupta, R204406, B.A Electrical Engineering, 2022, 92, 100, 92.0
ETH20242407, John Sharma, R204407, B.Tech Economics, 2024, 62, 100, 62.0
UMEL20242408, Elizabeth Garcia, R204408, M.Tech Chemistry, 2021, 70, 100, 70.0
CAM20242409, James Davis, R204409, B.Sc Civil Engineering, 2021, 90, 100, 90.0
NUS20242410, Richard Garcia, R204410, B.Tech Computer Science, 2021, 82, 100, 82.0
NUS20242411, Richard Gupta, R204411, B.Tech Chemistry, 2021, 74, 100, 74.0
NUS20242412, Susan Mishra, R204412, M.Sc Physics, 2021, 88, 100, 88.0
NUS20242413, Thomas Jones, R204413, Ph.D Chemistry, 2020, 99, 100, 99.0
UTOR20242414, Myra Patel, R204414, B.A Mathematics, 2023, 65, 100, 65.0
UMEL20242415, Barbara Davis, R204415, M.A Chemistry, 2021, 63, 100, 63.0
OXF20242416, Jessica Singh, R204416, M.Sc Economics, 2024, 67, 100, 67.0
OXF20242417, Robert Mishra, R204417, M.Tech Data Science, 2021, 97, 100, 97.0
UTOR20242418, Zoya Gupta, R204418, M.Sc Data Science, 2024, 60, 100, 60.0
MIT20242419, Joseph Garcia, R204419, M.Sc Data Science, 2020, 92, 100, 92.0
NUS20242420, Diya Jones, R204420, Ph.D Mechanical Engineering, 2024, 92, 100, 92.0
CAM20242421, Zoya Gupta, R204421, B.Tech Physics, 2023, 96, 100, 96.0
CAM20242422, William Sharma, R204422, M.A Mechanical Engineering, 2020, 76, 100, 76.0
UTOR20242423, Sai Mishra, R204423, M.Tech Civil Engineering, 2024, 93, 100, 93.0
ETH20242424, Michael Rodriguez, R204424, B.A Electrical Engineering, 2020, 63, 100, 63.0
OXF20242425, Robert Reddy, R204425, B.A Civil Engineering, 2024, 83, 100, 83.0
NUS20242426, Robert Verma, R204426, B.A Psychology, 2023, 69, 100, 69.0
TSING20242427, John Patel, R204427, B.Sc Data Science, 2021, 97, 100, 97.0
STAN20242428, Sarah Gupta, R204428, M.Sc Economics, 2020, 76, 100, 76.0
NUS20242429, Aarav Reddy, R204429, M.Sc Data Science, 2023, 97, 100, 97.0
MIT20242430, Linda Martinez, R204430, M.Sc Mathematics, 2024, 96, 100, 96.0
UMEL20242431, Diya Smith, R204431, B.A Computer Science, 2022, 86, 100, 86.0
HARV20242432, Joseph Davis, R204432, B.A Mechanical Engineering, 2020, 60, 100, 60.0
STAN20242433, Sai Singh, R204433, Ph.D Chemistry, 2024, 68, 100, 68.0
HARV20242434, Sana Rodriguez, R204434, B.Sc Economics, 2023, 75, 100, 75.0
OXF20242435, Sarah Williams, R204435, B.Sc Electrical Engineering, 2023, 89, 100, 89.0
MIT20242436, David Rodriguez, R204436, M.Tech Data Science, 2024, 98, 100, 98.0
HARV20242437, Aarav Patel, R204437, B.Sc Economics, 2023, 99, 100, 99.0
CAM20242438, Ananya Kumar, R204438, B.Sc Electrical Engineering, 2022, 71, 100, 71.0
HARV20242439, Robert Williams, R204439, B.Tech Civil Engineering, 2020, 82, 100, 82.0
UMEL20242440, Ananya Gupta, R204440, B.Sc Psychology, 2022, 79, 100, 79.0
TSING20242441, Joseph Garcia, R204441, Ph.D Civil Engineering, 2020, 68, 100, 68.0
UTOR20242442, Patricia Mishra, R204442, M.A Psychology, 2023, 62, 100, 62.0
ETH20242443, Sana Williams, R204443, B.Sc Civil Engineering, 2020, 78, 100, 78.0
UTOR20242444, Thomas Verma, R204444, M.Tech Physics, 2021, 88, 100, 88.0
ETH20242445, Aditya Miller, R204445, M.Tech Chemistry, 2023, 87, 100, 87.0
TSING20242446, Mary Mishra, R204446, Ph.D Civil Engineering, 2024, 62, 100, 62.0
UMEL20242447, Myra Jones, R204447, M.Sc Economics, 2020, 66, 100, 66.0
UTOR20242448, Charles Rodriguez, R204448, M.Tech Physics, 2022, 81, 100, 81.0
NUS20242449, David Sharma, R204449, B.A Civil Engineering, 2021, 85, 100, 85.0
ETH20242450, Ananya Kumar, R204450, M.A Psychology, 2024, 78, 100, 78.0
MIT20242451, Vihaan Joshi, R204451, B.Sc Mechanical Engineering, 2022, 72, 100, 72.0
ETH20242452, Myra Joshi, R204452, M.A Psychology, 2024, 65, 100, 65.0
UTOR20242453, Vihaan Iyer, R204453, B.A Civil Engineering, 2023, 63, 100, 63.0
CAM20242454, Diya Gupta, R204454, M.A Psychology, 2022, 84, 100, 84.0
UTOR20242455, Michael Mishra, R204455, M.Tech Computer Science, 2024, 89, 100, 89.0
TSING20242456, Elizabeth Joshi, R204456, M.Tech Civil Engineering, 2023, 87, 100, 87.0
CAM20242457, Karen Reddy, R204457, B.Sc Civil Engineering, 2021, 94, 100, 94.0
UMEL20242458, Linda Martinez, R204458, M.Tech Chemistry, 2023, 72, 100, 72.0
NUS20242459, Joseph Reddy, R204459, M.Sc Electrical Engineering, 2022, 76, 100, 76.0
UMEL20242460, David Smith, R204460, B.Tech Electrical Engineering, 2021, 71, 100, 71.0
CAM20242461, Diya Brown, R204461, B.Sc Chemistry, 2021, 68, 100, 68.0
HARV20242462, Ananya Williams, R204462, M.A Psychology, 2020, 76, 100, 76.0
STAN20242463, Linda Miller, R204463, M.Sc Chemistry, 2021, 96, 100, 96.0
OXF20242464, Zoya Johnson, R204464, B.Sc Physics, 2021, 88, 100, 88.0
CAM20242465, Sana Gupta, R204465, M.Tech Mechanical Engineering, 2024, 67, 100, 67.0
TSING20242466, Aditya Johnson, R204466, Ph.D Civil Engineering, 2020, 72, 100, 72.0
UTOR20242467, Zoya Patel, R204467, B.Tech Mechanical Engineering, 2021, 69, 100, 69.0
STAN20242468, John Garcia, R204468, M.Sc Electrical Engineering, 2023, 95, 100, 95.0
STAN20242469, Charles Patel, R204469, M.A Psychology, 2022, 86, 100, 86.0
CAM20242470, Karen Reddy, R204470, B.Tech Physics, 2024, 79, 100, 79.0
UMEL20242471, Reyansh Brown, R204471, M.A Economics, 2023, 85, 100, 85.0
MIT20242472, Aditya Martinez, R204472, B.Tech Civil Engineering, 2022, 96, 100, 96.0
OXF20242473, Ananya Rodriguez, R204473, M.Tech Computer Science, 2024, 87, 100, 87.0
TSING20242474, Richard Martinez, R204474, M.Sc Physics, 2023, 73, 100, 73.0
UMEL20242475, Zoya Patel, R204475, B.A Data Science, 2024, 98, 100, 98.0
ETH20242476, Linda Brown, R204476, B.Sc Psychology, 2022, 96, 100, 96.0
MIT20242477, David Brown, R204477, B.Sc Electrical Engineering, 2021, 93, 100, 93.0
HARV20242478, Michael Mishra, R204478, M.Sc Mechanical Engineering, 2024, 67, 100, 67.0
ETH20242479, Susan Martinez, R204479, B.Tech Electrical Engineering, 2024, 95, 100, 95.0
STAN20242480, Reyansh Joshi, R204480, B.Sc Data Science, 2020, 87, 100, 87.0
ETH20242481, Jennifer Singh, R204481, B.A Mathematics, 2020, 76, 100, 76.0
NUS20242482, Ananya Brown, R204482, M.A Economics, 2023, 89, 100, 89.0
OXF20242483, Charles Smith, R204483, M.Tech Computer Science, 2020, 69, 100, 69.0
HARV20242484, Elizabeth Singh, R204484, M.Sc Mathematics, 2022, 62, 100, 62.0
UTOR20242485, Barbara Smith, R204485, B.Sc Electrical Engineering, 2021, 70, 100, 70.0
HARV20242486, Joseph Iyer, R204486, Ph.D Economics, 2022, 99, 100, 99.0
UMEL20242487, Robert Gupta, R204487, B.A Civil Engineering, 2020, 66, 100, 66.0
UMEL20242488, Vihaan Iyer, R204488, B.A Data Science, 2021, 87, 100, 87.0
NUS20242489, Karen Gupta, R204489, Ph.D Mechanical Engineering, 2020, 73, 100, 73.0
ETH20242490, Linda Mishra, R204490, B.Sc Electrical Engineering, 2020, 78, 100, 78.0
STAN20242491, Sai Iyer, R204491, B.Sc Civil Engineering, 2023, 80, 100, 80.0
STAN20242492, Richard Sharma, R204492, M.A Mathematics, 2023, 60, 100, 60.0
UMEL20242493, Linda Sharma, R204493, M.Sc Economics, 2021, 97, 100, 97.0
UTOR20242494, Elizabeth Martinez, R204494, B.Sc Physics, 2023, 65, 100, 65.0
CAM20242495, Myra Williams, R204495, B.A Mechanical Engineering, 2020, 78, 100, 78.0
ETH20242496, Barbara Mishra, R204496, B.Tech Mechanical Engineering, 2021, 82, 100, 82.0
MIT20242497, Myra Patel, R204497, M.Sc Computer Science, 2023, 89, 100, 89.0
TSING20242498, Zoya Miller, R204498, B.A Civil Engineering, 2023, 93, 100, 93.0
UTOR20242499, James Kumar, R204499, M.A Computer Science, 2023, 96, 100, 96.0
